

SET SQL_MODE = "NO_AUTO_VALUE_ON_ZERO";
SET time_zone = "+00:00";



--
-- Baza danych: `matura`
--

-- --------------------------------------------------------

--
-- Struktura tabeli dla tabeli `arkusz`
--

CREATE TABLE IF NOT EXISTS `arkusz` (
  `symbol` char(3) COLLATE utf8_polish_ci NOT NULL,
  `rok` int(4) NOT NULL,
  `przedmiot` varchar(20) COLLATE utf8_polish_ci NOT NULL,
  `sesja` varchar(4) COLLATE utf8_polish_ci NOT NULL DEFAULT 'lato'
) ENGINE=InnoDB DEFAULT CHARSET=utf8 COLLATE=utf8_polish_ci;

--
-- Zrzut danych tabeli `arkusz`
--

INSERT INTO `arkusz` (`symbol`, `rok`, `przedmiot`, `sesja`) VALUES
('ab2', 2000, 'biologia', 'lato'),
('am1', 2000, 'matematyka', 'lato'),
('bb3', 2001, 'biologia', 'lato'),
('bf2', 2001, 'fizyka', 'lato'),
('bg1', 2001, 'geografia', 'lato'),
('bm1', 2001, 'matematyka', 'lato'),
('cb3', 2002, 'biologia', 'zima'),
('cf2', 2002, 'fizyka', 'lato'),
('cg1', 2002, 'geografia', 'zima'),
('cm1', 2002, 'matematyka', 'lato'),
('db3', 2004, 'biologia', 'zima'),
('df2', 2004, 'fizyka', 'zima'),
('dg1', 2004, 'geografia', 'lato'),
('dm1', 2004, 'matematyka', 'lato'),
('eb3', 2006, 'biologia', 'zima'),
('ef2', 2006, 'fizyka', 'zima'),
('eg4', 2006, 'geografia', 'lato'),
('em1', 2006, 'matematyka', 'lato');

-- --------------------------------------------------------

--
-- Struktura tabeli dla tabeli `maturzysta`
--

CREATE TABLE IF NOT EXISTS `maturzysta` (
  `id` int(11) NOT NULL,
  `imie` varchar(20) COLLATE utf8_polish_ci NOT NULL,
  `nazwisko` varchar(20) COLLATE utf8_polish_ci NOT NULL,
  `szkola` char(2) COLLATE utf8_polish_ci NOT NULL
) ENGINE=InnoDB AUTO_INCREMENT=63 DEFAULT CHARSET=utf8 COLLATE=utf8_polish_ci;

--
-- Zrzut danych tabeli `maturzysta`
--

INSERT INTO `maturzysta` (`id`, `imie`, `nazwisko`, `szkola`) VALUES
(1, 'Joanna', 'Nowak', 'T1'),
(2, 'Anna', 'Kos', 'T1'),
(3, 'Adam', 'Nos', 'T1'),
(4, 'Iwona', 'Kosta', 'T1'),
(5, 'Jan', 'Kowalski', 'T1'),
(6, 'Michał', 'Koszta', 'T1'),
(7, 'Tomasz', 'Nowakowski', 'T1'),
(8, 'Anna', 'Kosińska', 'T1'),
(9, 'Grzegorz', 'Puchała', 'T1'),
(10, 'Jakub', 'Pils', 'T1'),
(11, 'Witold', 'Woś', 'T1'),
(12, 'Witold', 'Kotek', 'T1'),
(13, 'Mariusz', 'Paw', 'T1'),
(14, 'Patrycja', 'Raczyńska', 'T1'),
(15, 'Natalia', 'Nosek', 'T1'),
(16, 'Katarzyna', 'Zygoń', 'T1'),
(17, 'Patryk', 'Zagórski', 'T1'),
(18, 'Oliwier', 'Zyta', 'T1'),
(19, 'Albert', 'Warsiński', 'T1'),
(20, 'Mirosław', 'Pasto', 'T1'),
(21, 'Janina', 'Rabenda', 'T1'),
(22, 'Marcin', 'Polisza', 'T1'),
(23, 'Adam', 'Paszczak', 'T2'),
(24, 'Iwona', 'Kosińska', 'T2'),
(25, 'Jan', 'Nowak', 'T2'),
(26, 'Michał', 'Liszcza', 'T2'),
(27, 'Tomasz', 'Leszczak', 'T2'),
(28, 'Anna', 'Powolik', 'T2'),
(29, 'Grzegorz', 'Anak', 'T3'),
(30, 'Jakub', 'Biczak', 'T3'),
(31, 'Witold', 'Biński', 'T3'),
(32, 'Witold', 'Czekanka', 'T2'),
(33, 'Mariusz', 'Cicha', 'T3'),
(34, 'Patrycja', 'Centek', 'T2'),
(35, 'Natalia', 'Morka', 'T2'),
(36, 'Katarzyna', 'Zygoń', 'T3'),
(37, 'Patryk', 'Zagórski', 'T3'),
(38, 'Oliwier', 'Danek', 'T3'),
(39, 'Albert', 'Zbyryt', 'T3'),
(40, 'Mirosław', 'Rak', 'T3'),
(41, 'Janina', 'Randa', 'T3'),
(42, 'Marcin', 'Powolski', 'T3'),
(43, 'Anna', 'Paszczak', 'T3'),
(44, 'Aleksander', 'Kosiński', 'T3'),
(45, 'Janina', 'Nowak', 'T4'),
(46, 'Paweł', 'Liszcza', 'T5'),
(47, 'Tomasz', 'Leszczak', 'T5'),
(48, 'Anna', 'Powolik', 'T5'),
(49, 'Grzegorz', 'Anak', 'T5'),
(50, 'Piotr', 'Biczak', 'T4'),
(51, 'Wiktoria', 'Bińska', 'T4'),
(52, 'Wanda', 'Czekanka', 'T4'),
(53, 'Mariusz', 'Cichy', 'T5'),
(54, 'Paweł', 'Centek', 'T5'),
(55, 'Patryk', 'Morka', 'T5'),
(56, 'Katarzyna', 'Zygoń', 'T5'),
(57, 'Patryk', 'Zagórski', 'T5'),
(58, 'Olga', 'Danek', 'T4'),
(59, 'Paweł', 'Zbyryt', 'T4'),
(60, 'Mirosław', 'Rak', 'T4'),
(61, 'Janina', 'Randa', 'T5'),
(62, 'Marcin', 'Powolski', 'T4');

-- --------------------------------------------------------

--
-- Struktura tabeli dla tabeli `wynik`
--

CREATE TABLE IF NOT EXISTS `wynik` (
  `id` int(11) NOT NULL,
  `maturzysta_id` int(11) NOT NULL,
  `symbol` char(3) COLLATE utf8_polish_ci NOT NULL,
  `punkty` int(11) NOT NULL
) ENGINE=InnoDB AUTO_INCREMENT=456 DEFAULT CHARSET=utf8 COLLATE=utf8_polish_ci;

--
-- Zrzut danych tabeli `wynik`
--

INSERT INTO `wynik` (`id`, `maturzysta_id`, `symbol`, `punkty`) VALUES
(1, 1, 'ab2', 25),
(2, 2, 'ab2', 30),
(3, 3, 'ab2', 35),
(4, 4, 'ab2', 10),
(5, 5, 'ab2', 15),
(6, 6, 'ab2', 24),
(7, 7, 'ab2', 33),
(8, 8, 'ab2', 31),
(9, 9, 'ab2', 54),
(10, 10, 'ab2', 62),
(11, 11, 'ab2', 12),
(12, 12, 'ab2', 17),
(13, 13, 'ab2', 27),
(14, 14, 'ab2', 70),
(15, 15, 'ab2', 65),
(16, 16, 'ab2', 32),
(17, 17, 'ab2', 24),
(18, 18, 'ab2', 89),
(19, 19, 'ab2', 99),
(20, 20, 'ab2', 34),
(21, 21, 'ab2', 25),
(22, 22, 'ab2', 39),
(23, 23, 'ab2', 29),
(24, 24, 'ab2', 44),
(25, 25, 'ab2', 15),
(26, 26, 'ab2', 63),
(27, 27, 'ab2', 67),
(28, 28, 'ab2', 13),
(29, 29, 'ab2', 23),
(30, 30, 'ab2', 30),
(31, 31, 'ab2', 25),
(32, 32, 'ab2', 30),
(33, 33, 'ab2', 12),
(34, 34, 'ab2', 13),
(35, 35, 'ab2', 85),
(36, 36, 'ab2', 38),
(37, 37, 'ab2', 45),
(38, 39, 'ab2', 70),
(39, 40, 'ab2', 35),
(40, 41, 'ab2', 47),
(41, 42, 'ab2', 25),
(42, 43, 'ab2', 30),
(43, 44, 'ab2', 25),
(44, 45, 'ab2', 30),
(45, 46, 'ab2', 25),
(46, 47, 'ab2', 30),
(47, 48, 'ab2', 22),
(48, 49, 'ab2', 65),
(49, 50, 'ab2', 25),
(50, 51, 'ab2', 63),
(51, 52, 'ab2', 25),
(52, 54, 'ab2', 36),
(53, 55, 'ab2', 25),
(54, 56, 'ab2', 30),
(55, 57, 'ab2', 25),
(56, 58, 'ab2', 37),
(57, 59, 'ab2', 25),
(58, 60, 'ab2', 30),
(59, 62, 'ab2', 20),
(60, 3, 'am1', 5),
(61, 4, 'am1', 10),
(62, 5, 'am1', 15),
(63, 6, 'am1', 54),
(64, 7, 'am1', 33),
(65, 8, 'am1', 31),
(66, 9, 'am1', 54),
(67, 10, 'am1', 6),
(68, 11, 'am1', 12),
(69, 12, 'am1', 37),
(70, 13, 'am1', 27),
(71, 14, 'am1', 70),
(72, 15, 'am1', 65),
(73, 16, 'am1', 32),
(74, 17, 'am1', 24),
(75, 18, 'am1', 89),
(76, 19, 'am1', 99),
(77, 20, 'am1', 34),
(78, 21, 'am1', 2),
(79, 22, 'am1', 39),
(80, 23, 'am1', 29),
(81, 24, 'am1', 44),
(82, 25, 'am1', 15),
(83, 26, 'am1', 63),
(84, 27, 'am1', 67),
(85, 28, 'am1', 13),
(86, 29, 'am1', 23),
(87, 30, 'am1', 30),
(88, 31, 'am1', 25),
(89, 32, 'am1', 30),
(90, 33, 'am1', 12),
(91, 34, 'am1', 13),
(92, 35, 'am1', 85),
(93, 36, 'am1', 38),
(94, 37, 'am1', 45),
(95, 39, 'am1', 7),
(96, 40, 'am1', 35),
(97, 41, 'am1', 47),
(98, 42, 'am1', 25),
(99, 43, 'am1', 30),
(100, 44, 'am1', 17),
(101, 45, 'am1', 15),
(102, 46, 'am1', 25),
(103, 47, 'am1', 30),
(104, 48, 'am1', 22),
(105, 49, 'am1', 65),
(106, 50, 'am1', 25),
(107, 51, 'am1', 63),
(108, 52, 'am1', 25),
(109, 54, 'am1', 36),
(110, 55, 'am1', 25),
(111, 56, 'am1', 30),
(112, 57, 'am1', 22),
(113, 58, 'am1', 37),
(114, 59, 'am1', 21),
(115, 60, 'am1', 30),
(116, 62, 'am1', 4),
(117, 3, 'bb3', 5),
(118, 4, 'bb3', 10),
(119, 5, 'bb3', 10),
(120, 6, 'bb3', 54),
(121, 7, 'bb3', 33),
(122, 8, 'bb3', 31),
(123, 9, 'bb3', 54),
(124, 10, 'bb3', 6),
(125, 11, 'bb3', 12),
(126, 12, 'bb3', 37),
(127, 13, 'bb3', 27),
(128, 14, 'bb3', 70),
(129, 10, 'bb3', 65),
(130, 16, 'bb3', 32),
(131, 17, 'bb3', 24),
(132, 18, 'bb3', 89),
(133, 19, 'bb3', 99),
(134, 20, 'bb3', 34),
(135, 21, 'bb3', 2),
(136, 22, 'bb3', 39),
(137, 23, 'bb3', 29),
(138, 24, 'bb3', 44),
(139, 29, 'bb3', 10),
(140, 26, 'bb3', 63),
(141, 27, 'bb3', 67),
(142, 28, 'bb3', 13),
(143, 29, 'bb3', 23),
(144, 30, 'bb3', 30),
(145, 31, 'bb3', 29),
(146, 32, 'bb3', 30),
(147, 33, 'bb3', 12),
(148, 34, 'bb3', 13),
(149, 35, 'bb3', 85),
(150, 36, 'bb3', 38),
(151, 37, 'bb3', 45),
(152, 39, 'bb3', 7),
(153, 40, 'bb3', 35),
(154, 41, 'bb3', 47),
(155, 42, 'bb3', 29),
(156, 43, 'bb3', 30),
(157, 44, 'bb3', 17),
(158, 45, 'bb3', 10),
(159, 46, 'bb3', 29),
(160, 47, 'bb3', 30),
(161, 48, 'bb3', 22),
(162, 49, 'bb3', 65),
(163, 50, 'bb3', 29),
(164, 51, 'bb3', 63),
(165, 52, 'bb3', 29),
(166, 54, 'bb3', 36),
(167, 55, 'bb3', 29),
(168, 56, 'bb3', 30),
(169, 57, 'bb3', 22),
(170, 58, 'bb3', 37),
(171, 59, 'bb3', 21),
(172, 60, 'bb3', 30),
(173, 62, 'bb3', 4),
(174, 3, 'bf2', 5),
(175, 4, 'bf2', 10),
(176, 5, 'bf2', 10),
(177, 6, 'bf2', 54),
(178, 7, 'bf2', 33),
(179, 8, 'bf2', 31),
(180, 9, 'bf2', 54),
(181, 13, 'bf2', 27),
(182, 14, 'bf2', 70),
(183, 10, 'bf2', 65),
(184, 23, 'bf2', 29),
(185, 24, 'bf2', 44),
(186, 29, 'bf2', 10),
(187, 26, 'bf2', 63),
(188, 27, 'bf2', 67),
(189, 28, 'bf2', 13),
(190, 29, 'bf2', 23),
(191, 30, 'bf2', 30),
(192, 36, 'bf2', 38),
(193, 37, 'bf2', 45),
(194, 39, 'bf2', 7),
(195, 40, 'bf2', 35),
(196, 41, 'bf2', 47),
(197, 42, 'bf2', 29),
(198, 43, 'bf2', 30),
(199, 44, 'bf2', 17),
(200, 45, 'bf2', 10),
(201, 46, 'bf2', 29),
(202, 47, 'bf2', 30),
(203, 48, 'bf2', 22),
(204, 49, 'bf2', 65),
(205, 50, 'bf2', 29),
(206, 51, 'bf2', 63),
(207, 52, 'bf2', 29),
(208, 54, 'bf2', 36),
(209, 55, 'bf2', 29),
(210, 56, 'bf2', 30),
(211, 57, 'bf2', 22),
(212, 58, 'bf2', 37),
(213, 59, 'bf2', 21),
(214, 60, 'bf2', 30),
(215, 62, 'bf2', 4),
(216, 3, 'bg1', 5),
(217, 4, 'bg1', 10),
(218, 5, 'bg1', 10),
(219, 6, 'bg1', 54),
(220, 7, 'bg1', 42),
(221, 8, 'bg1', 31),
(222, 9, 'bg1', 54),
(223, 13, 'bg1', 27),
(224, 14, 'bg1', 70),
(225, 10, 'bg1', 65),
(226, 23, 'bg1', 29),
(227, 24, 'bg1', 44),
(228, 29, 'bg1', 10),
(229, 26, 'bg1', 63),
(230, 27, 'bg1', 67),
(231, 28, 'bg1', 23),
(232, 29, 'bg1', 23),
(233, 30, 'bg1', 30),
(234, 36, 'bg1', 38),
(235, 37, 'bg1', 45),
(236, 39, 'bg1', 7),
(237, 40, 'bg1', 35),
(238, 41, 'bg1', 47),
(239, 42, 'bg1', 29),
(240, 43, 'bg1', 30),
(241, 44, 'bg1', 17),
(242, 45, 'bg1', 10),
(243, 46, 'bg1', 29),
(244, 47, 'bg1', 30),
(245, 48, 'bg1', 22),
(246, 49, 'bg1', 65),
(247, 50, 'bg1', 29),
(248, 51, 'bg1', 63),
(249, 52, 'bg1', 29),
(250, 54, 'bg1', 36),
(251, 55, 'bg1', 29),
(252, 56, 'bg1', 30),
(253, 57, 'bg1', 12),
(254, 58, 'bg1', 37),
(255, 59, 'bg1', 21),
(256, 60, 'bg1', 30),
(257, 62, 'bg1', 94),
(258, 3, 'bm1', 5),
(259, 4, 'bm1', 10),
(260, 5, 'bm1', 10),
(261, 6, 'bm1', 54),
(262, 7, 'bm1', 42),
(263, 8, 'bm1', 31),
(264, 9, 'bm1', 54),
(265, 13, 'bm1', 27),
(266, 14, 'bm1', 70),
(267, 10, 'bm1', 65),
(268, 23, 'bm1', 29),
(269, 24, 'bm1', 44),
(270, 29, 'bm1', 10),
(271, 26, 'bm1', 63),
(272, 27, 'bm1', 67),
(273, 28, 'bm1', 23),
(274, 29, 'bm1', 21),
(275, 30, 'bm1', 30),
(276, 36, 'bm1', 38),
(277, 37, 'bm1', 45),
(278, 39, 'bm1', 7),
(279, 40, 'bm1', 35),
(280, 41, 'bm1', 47),
(281, 42, 'bm1', 29),
(282, 43, 'bm1', 30),
(283, 44, 'bm1', 11),
(284, 45, 'bm1', 10),
(285, 46, 'bm1', 29),
(286, 47, 'bm1', 30),
(287, 48, 'bm1', 22),
(288, 49, 'bm1', 65),
(289, 50, 'bm1', 21),
(290, 51, 'bm1', 63),
(291, 52, 'bm1', 29),
(292, 54, 'bm1', 36),
(293, 55, 'bm1', 29),
(294, 56, 'bm1', 30),
(295, 57, 'bm1', 12),
(296, 58, 'bm1', 37),
(297, 59, 'bm1', 21),
(298, 60, 'bm1', 30),
(299, 62, 'bm1', 94),
(300, 3, 'cb3', 5),
(301, 4, 'cb3', 10),
(302, 5, 'cb3', 10),
(303, 6, 'cb3', 54),
(304, 7, 'cb3', 42),
(305, 8, 'cb3', 31),
(306, 9, 'cb3', 54),
(307, 13, 'cb3', 27),
(308, 14, 'cb3', 70),
(309, 10, 'cb3', 65),
(310, 23, 'cb3', 29),
(311, 24, 'cb3', 44),
(312, 29, 'cb3', 10),
(313, 26, 'cb3', 63),
(314, 27, 'cb3', 67),
(315, 28, 'cb3', 23),
(316, 29, 'cb3', 21),
(317, 30, 'cb3', 30),
(318, 36, 'cb3', 38),
(319, 37, 'cb3', 45),
(320, 39, 'cb3', 7),
(321, 40, 'cb3', 35),
(322, 41, 'cb3', 47),
(323, 42, 'cb3', 29),
(324, 43, 'cb3', 30),
(325, 44, 'cb3', 11),
(326, 45, 'cb3', 10),
(327, 46, 'cb3', 29),
(328, 47, 'cb3', 30),
(329, 48, 'cb3', 22),
(330, 49, 'cb3', 65),
(331, 50, 'cb3', 21),
(332, 51, 'cb3', 63),
(333, 52, 'cb3', 29),
(334, 54, 'cb3', 36),
(335, 55, 'cb3', 29),
(336, 56, 'cb3', 30),
(337, 57, 'cb3', 12),
(338, 58, 'cb3', 37),
(339, 59, 'cb3', 21),
(340, 60, 'cb3', 30),
(341, 62, 'cb3', 94),
(342, 1, 'db3', 5),
(343, 2, 'db3', 10),
(344, 5, 'db3', 10),
(345, 6, 'db3', 54),
(346, 7, 'db3', 42),
(347, 8, 'db3', 31),
(348, 9, 'db3', 54),
(349, 13, 'db3', 27),
(350, 14, 'db3', 70),
(351, 10, 'db3', 65),
(352, 23, 'db3', 29),
(353, 24, 'db3', 44),
(354, 29, 'db3', 10),
(355, 26, 'db3', 63),
(356, 27, 'db3', 67),
(357, 28, 'db3', 23),
(358, 29, 'db3', 21),
(359, 30, 'db3', 37),
(360, 36, 'db3', 38),
(361, 37, 'db3', 45),
(362, 39, 'db3', 7),
(363, 40, 'db3', 35),
(364, 41, 'db3', 47),
(365, 42, 'db3', 29),
(366, 43, 'db3', 30),
(367, 44, 'db3', 17),
(368, 45, 'db3', 10),
(369, 46, 'db3', 29),
(370, 47, 'db3', 30),
(371, 48, 'db3', 22),
(372, 49, 'db3', 65),
(373, 50, 'db3', 21),
(374, 51, 'db3', 63),
(375, 52, 'db3', 29),
(376, 54, 'db3', 36),
(377, 55, 'db3', 29),
(378, 56, 'db3', 30),
(379, 57, 'db3', 12),
(380, 58, 'db3', 37),
(381, 59, 'db3', 21),
(382, 60, 'db3', 30),
(383, 62, 'db3', 94),
(384, 1, 'ef2', 5),
(385, 2, 'ef2', 10),
(386, 5, 'ef2', 10),
(387, 6, 'ef2', 54),
(388, 7, 'ef2', 42),
(389, 8, 'ef2', 31),
(390, 9, 'ef2', 54),
(391, 13, 'ef2', 27),
(392, 14, 'ef2', 70),
(393, 10, 'ef2', 65),
(394, 23, 'ef2', 29),
(395, 24, 'ef2', 44),
(396, 29, 'ef2', 10),
(397, 26, 'ef2', 63),
(398, 27, 'ef2', 67),
(399, 28, 'ef2', 23),
(400, 29, 'ef2', 21),
(401, 30, 'ef2', 37),
(402, 36, 'ef2', 38),
(403, 37, 'ef2', 45),
(404, 39, 'ef2', 7),
(405, 40, 'ef2', 35),
(406, 41, 'ef2', 47),
(407, 42, 'ef2', 29),
(408, 43, 'ef2', 30),
(409, 44, 'ef2', 17),
(410, 45, 'ef2', 10),
(411, 46, 'ef2', 29),
(412, 47, 'ef2', 30),
(413, 48, 'ef2', 22),
(414, 49, 'ef2', 65),
(415, 50, 'ef2', 21),
(416, 51, 'ef2', 63),
(417, 52, 'ef2', 29),
(418, 54, 'ef2', 36),
(419, 55, 'ef2', 29),
(420, 56, 'ef2', 30),
(421, 57, 'ef2', 12),
(422, 58, 'ef2', 37),
(423, 59, 'ef2', 21),
(424, 61, 'ef2', 30),
(425, 62, 'ef2', 94),
(426, 1, 'em1', 5),
(427, 2, 'em1', 10),
(428, 5, 'em1', 10),
(429, 6, 'em1', 54),
(430, 7, 'em1', 42),
(431, 8, 'em1', 31),
(432, 9, 'em1', 54),
(433, 13, 'em1', 27),
(434, 14, 'em1', 70),
(435, 26, 'em1', 63),
(436, 27, 'em1', 67),
(437, 28, 'em1', 23),
(438, 29, 'em1', 21),
(439, 30, 'em1', 37),
(440, 36, 'em1', 38),
(441, 37, 'em1', 45),
(442, 39, 'em1', 7),
(443, 40, 'em1', 35),
(444, 41, 'em1', 47),
(445, 42, 'em1', 29),
(446, 43, 'em1', 30),
(447, 44, 'em1', 17),
(448, 45, 'em1', 10),
(449, 46, 'em1', 29),
(450, 47, 'em1', 30),
(451, 48, 'em1', 22),
(452, 49, 'em1', 65),
(453, 50, 'em1', 21),
(454, 51, 'em1', 63),
(455, 52, 'em1', 29);

--
-- Indeksy dla zrzutów tabel
--

--
-- Indexes for table `arkusz`
--
ALTER TABLE `arkusz`
  ADD PRIMARY KEY (`symbol`);

--
-- Indexes for table `maturzysta`
--
ALTER TABLE `maturzysta`
  ADD PRIMARY KEY (`id`);

--
-- Indexes for table `wynik`
--
ALTER TABLE `wynik`
  ADD PRIMARY KEY (`id`),
  ADD KEY `maturzysta_id` (`maturzysta_id`),
  ADD KEY `symbol` (`symbol`);

--
-- AUTO_INCREMENT for dumped tables
--

--
-- AUTO_INCREMENT dla tabeli `maturzysta`
--
ALTER TABLE `maturzysta`
  MODIFY `id` int(11) NOT NULL AUTO_INCREMENT,AUTO_INCREMENT=63;
--
-- AUTO_INCREMENT dla tabeli `wynik`
--
ALTER TABLE `wynik`
  MODIFY `id` int(11) NOT NULL AUTO_INCREMENT,AUTO_INCREMENT=456;
--
-- Ograniczenia dla zrzutów tabel
--

--
-- Ograniczenia dla tabeli `wynik`
--
ALTER TABLE `wynik`
  ADD CONSTRAINT `wynik_ibfk_1` FOREIGN KEY (`maturzysta_id`) REFERENCES `maturzysta` (`id`),
  ADD CONSTRAINT `wynik_ibfk_2` FOREIGN KEY (`symbol`) REFERENCES `arkusz` (`symbol`);

